Link,Review
https://www.tripadvisor.com/Restaurant_Review-g294201-d7681557-Reviews-Sachi-Cairo_Cairo_Governorate.html,rare experienc custom servic par sach truli except food excel octopu caviar salmon spread great sushi roll good select inexpens local wine nice atmospher friendli local overwhelm great custom servic
https://www.tripadvisor.com/Restaurant_Review-g294201-d7681557-Reviews-Sachi-Cairo_Cairo_Governorate.html,tuna tartar salmon salad fli keisha roll salmon fresh sear absolut delici avid lover thing japanes huge comfort belli tour egypt day want
https://www.tripadvisor.com/Restaurant_Review-g294201-d7681557-Reviews-Sachi-Cairo_Cairo_Governorate.html,wonder food realli one best place cairo great servic gu amazin nice experi cocktail testi music love fantast atmospher love come back sachi second famili
https://www.tripadvisor.com/Restaurant_Review-g294201-d7681557-Reviews-Sachi-Cairo_Cairo_Governorate.html,food superb super clean friendli bartend love made excel job keep year year sachi time favorit restaur cairo owner compani outstand restaur
https://www.tripadvisor.com/Restaurant_Review-g294201-d7681557-Reviews-Sachi-Cairo_Cairo_Governorate.html,dear guest thank visit restaur kind review recommend delight note pleasant experi day us appreci valuabl feedback restaur hope
https://www.tripadvisor.com/Restaurant_Review-g294201-d7681557-Reviews-Sachi-Cairo_Cairo_Governorate.html,sceptic famili decid go last night cairo know egypt place tend get overhyp certain time realiti hit fade away thought would
https://www.tripadvisor.com/Restaurant_Review-g294201-d7681557-Reviews-Sachi-Cairo_Cairo_Governorate.html,dear fwani thank visit restaur kind review recommend delight note pleasant experi day us appreci valuabl feedback restaur realli appreci everi
https://www.tripadvisor.com/Restaurant_Review-g294201-d7681557-Reviews-Sachi-Cairo_Cairo_Governorate.html,amaz waiter name mina friendli prompt food delici
https://www.tripadvisor.com/Restaurant_Review-g294201-d7681557-Reviews-Sachi-Cairo_Cairo_Governorate.html,dear guest thank much dear sweet review mean lot us thank loyal guest baki hospit outlet good day
https://www.tripadvisor.com/Restaurant_Review-g294201-d7681557-Reviews-Sachi-Cairo_Cairo_Governorate.html,price good fine dine servic amaz gift cake bride food tast good special chees platter tri
https://www.tripadvisor.com/Restaurant_Review-g294201-d7681557-Reviews-Sachi-Cairo_Cairo_Governorate.html,dear guest thank take time write review glad good experi look forward see mani thank
https://www.tripadvisor.com/Restaurant_Review-g294201-d7681557-Reviews-Sachi-Cairo_Cairo_Governorate.html,casual yet chic sophist menu guarante fantast night mostli familiar face hous regularsmor
https://www.tripadvisor.com/Restaurant_Review-g294201-d7681557-Reviews-Sachi-Cairo_Cairo_Governorate.html,dear guest thank visit restaur kind review recommend delight note pleasant experi day us appreci valuabl feedback restaur hope
https://www.tripadvisor.com/Restaurant_Review-g294201-d7681557-Reviews-Sachi-Cairo_Cairo_Governorate.html,tasti delici food varieti food option profession servic great vibe one best cairo
https://www.tripadvisor.com/Restaurant_Review-g294201-d7681557-Reviews-Sachi-Cairo_Cairo_Governorate.html,dear guest thank visit restaur share experi guest pleas read enjoy time mani thank
https://www.tripadvisor.com/Restaurant_Review-g294201-d7681557-Reviews-Sachi-Cairo_Cairo_Governorate.html,one favourit restaur cairo food servic profession order filet mignon amazingli fantast highli recommend coupl
https://www.tripadvisor.com/Restaurant_Review-g294201-d7681557-Reviews-Sachi-Cairo_Cairo_Governorate.html,hello dear thank much nice review mean lot us realli hope see restaur nice day
